,year,ndvi_mean
0,2015,0.5164375177673322
1,2016,0.4859511776584113
2,2017,0.5094763093231403
3,2018,0.4875840075298388
4,2019,0.5278737061792486
5,2020,0.5182033406324481
